,State,X,Y
0,Andhra Pradesh,-107.0,-195.0
1,Arunachal Pradesh,288.0,140.0
2,Assam,214.0,83.0
3,Bihar,64.0,77.0
4,Chhattisgarh,-31.0,-34.0
5,Goa,-215.0,-199.0
6,Gujarat,-273.0,8.0
7,Haryana,-161.0,160.0
8,Himachal Pradesh,-131.0,235.0
9,Jammu & Kashmir,-196.0,298.0
10,Jharkhand,41.0,17.0
11,Karnataka,-185.0,-214.0
12,Kerala,-174.0,-343.0
13,Madhya Pradesh,-153.0,-9.0
14,Maharashtra,-204.0,-107.0
15,Manipur,261.0,33.0
16,Mizoram,237.0,3.0
17,Nagaland,282.0,72.0
18,Odisha,16.0,-67.0
19,Punjab,-208.0,206.0
20,Rajasthan,-260.0,94.0
21,Sikkim,142.0,116.0
22,Tamil Nadu,-121.0,-301.0
23,Tripura,180.0,10.0
24,Uttar Pradesh,-88.0,111.0
25,Uttarakhand,-92.0,187.0
26,West Bengal,116.0,-16.0
